field_name,field_type,kind,allowmultivalues,occurrences,placed_on_form_body,has_hidewhen,hidden_modes,likely_displayed
acc_main,keyword,editable,,1,True,False,,高い(画面配置あり)
acc_name,text,computed,true,1,True,False,,高い(画面配置あり)
access_no,number,editable,,1,True,False,,高い(画面配置あり)
ADATE_D_2,number,editable,,1,True,False,,高い(画面配置あり)
ADATE_M_2,number,editable,,1,True,False,,高い(画面配置あり)
ADATE_Y_2,number,editable,,1,True,False,,高い(画面配置あり)
ADDRESS1,text,editable,,1,True,False,,高い(画面配置あり)
ADDRESS2,text,editable,,1,True,False,,高い(画面配置あり)
ADDRESS3,text,editable,,1,True,False,,高い(画面配置あり)
ADID,text,editable,,1,True,False,,高い(画面配置あり)
answer,text,editable,,1,True,False,,高い(画面配置あり)
ATIME_H_2,text,editable,,1,True,False,,高い(画面配置あり)
ATIME_M_2,text,editable,,1,True,False,,高い(画面配置あり)
BIKOU,text,editable,,1,True,False,,高い(画面配置あり)
body,richtext,editable,,1,True,False,,高い(画面配置あり)
body_1,richtext,editable,,1,True,False,,高い(画面配置あり)
BROWSER,keyword,editable,true,1,True,False,,高い(画面配置あり)
BUMON,text,editable,,1,True,False,,高い(画面配置あり)
category1,keyword,editable,,1,True,False,,高い(画面配置あり)
category2,keyword,editable,,1,True,False,,高い(画面配置あり)
category3,text,editable,,1,True,False,,高い(画面配置あり)
category4,text,editable,,1,True,False,,高い(画面配置あり)
category5,keyword,editable,,1,True,False,,高い(画面配置あり)
category6,text,editable,,1,True,False,,高い(画面配置あり)
CDATE_D_2,number,editable,,1,True,False,,高い(画面配置あり)
CDATE_M_2,number,editable,,1,True,False,,高い(画面配置あり)
CDATE_Y_2,number,editable,,1,True,False,,高い(画面配置あり)
CloseDateTime,text,editable,,1,True,False,,高い(画面配置あり)
create_Dept,text,computedwhencomposed,,1,True,False,,高い(画面配置あり)
create_name,text,computedwhencomposed,,1,True,False,,高い(画面配置あり)
CreateDateTime,datetime,computedwhencomposed,,1,True,False,,高い(画面配置あり)
CreateDateTime_P,text,computedwhencomposed,,1,True,False,,高い(画面配置あり)
CTIME_H_2,text,editable,,1,True,False,,高い(画面配置あり)
CTIME_M_2,text,editable,,1,True,False,,高い(画面配置あり)
CustomDBName,text,computedfordisplay,,1,True,False,,高い(画面配置あり)
CustomDBName_1,text,computedfordisplay,,1,True,False,,高い(画面配置あり)
customercompanycd,text,editable,,1,True,False,,高い(画面配置あり)
customerID,text,editable,,1,True,False,,高い(画面配置あり)
customerkeitai,text,editable,true,1,True,False,,高い(画面配置あり)
customername,text,editable,true,1,True,False,,高い(画面配置あり)
customername_1,text,editable,true,1,True,False,,高い(画面配置あり)
customername_2,text,editable,true,1,True,False,,高い(画面配置あり)
customerno,text,editable,,1,True,False,,高い(画面配置あり)
CYU1,keyword,editable,,1,True,False,,高い(画面配置あり)
DblookupID_1_1_1,text,editable,,1,True,False,,高い(画面配置あり)
DblookupID_1_1_2,text,editable,,1,True,False,,高い(画面配置あり)
DblookupID_1_1_3,text,editable,,1,True,False,,高い(画面配置あり)
DblookupID_1_1_4,text,editable,,1,True,False,,高い(画面配置あり)
DblookupID_1_1_4_1,text,editable,,1,True,False,,高い(画面配置あり)
DbLookupServer,text,computedfordisplay,,1,True,False,,高い(画面配置あり)
DbLookupServer_1,text,computedfordisplay,,1,True,False,,高い(画面配置あり)
DbLookupServer_2,text,computedfordisplay,,1,True,False,,高い(画面配置あり)
DbLookupServer_2_1,text,computedfordisplay,,1,True,False,,高い(画面配置あり)
DbLookupServer_3,text,computedfordisplay,,1,True,False,,高い(画面配置あり)
dispach,text,computed,,1,True,False,,高い(画面配置あり)
dispach_1,text,computed,,1,True,False,,高い(画面配置あり)
EDATE_D,number,editable,,1,True,False,,高い(画面配置あり)
EDATE_D_2,number,editable,,1,True,False,,高い(画面配置あり)
EDATE_M,number,editable,,1,True,False,,高い(画面配置あり)
EDATE_M_2,number,editable,,1,True,False,,高い(画面配置あり)
EDATE_Y,number,editable,,1,True,False,,高い(画面配置あり)
EDATE_Y_2,number,editable,,1,True,False,,高い(画面配置あり)
es_namew,text,computed,,1,True,False,,高い(画面配置あり)
Escalation_0_1,text,editable,,1,True,False,,高い(画面配置あり)
Escalation_1,text,editable,,1,True,False,,高い(画面配置あり)
Escalation_Approve_1,text,editable,,1,True,False,,高い(画面配置あり)
ESDATE_D_1,number,editable,,1,True,False,,高い(画面配置あり)
ESDATE_M_1,number,editable,,1,True,False,,高い(画面配置あり)
ESDATE_Y_1,number,editable,,1,True,False,,高い(画面配置あり)
ESTIME_H_1,text,editable,,1,True,False,,高い(画面配置あり)
ESTIME_M_1,text,editable,,1,True,False,,高い(画面配置あり)
ETIME_H,text,editable,,1,True,False,,高い(画面配置あり)
ETIME_H_2,text,editable,,1,True,False,,高い(画面配置あり)
ETIME_M,text,editable,,1,True,False,,高い(画面配置あり)
ETIME_M_2,text,editable,,1,True,False,,高い(画面配置あり)
fax,text,editable,,1,True,False,,高い(画面配置あり)
FLG,number,editable,,1,True,False,,高い(画面配置あり)
FLG_2,text,editable,,1,True,False,,高い(画面配置あり)
Form,text,computed,,1,True,False,,高い(画面配置あり)
genin,text,editable,,1,True,False,,高い(画面配置あり)
H_Category1,text,editable,,1,True,False,,高い(画面配置あり)
H_Category2,text,editable,,1,True,False,,高い(画面配置あり)
H_Outline,text,editable,,1,True,False,,高い(画面配置あり)
HCC_1,text,editable,,1,True,False,,高い(画面配置あり)
HDATE1,datetime,editable,,1,True,False,,高い(画面配置あり)
HDATE2,datetime,editable,,1,True,False,,高い(画面配置あり)
HDATE3,datetime,editable,,1,True,False,,高い(画面配置あり)
history,text,computed,true,1,True,False,,高い(画面配置あり)
HSendTo_1,text,editable,,1,True,False,,高い(画面配置あり)
HW,text,editable,,1,True,False,,高い(画面配置あり)
HWmaker,keyword,editable,,1,True,False,,高い(画面配置あり)
HWname,text,editable,,1,True,False,,高い(画面配置あり)
inquiry,text,editable,,1,True,False,,高い(画面配置あり)
JDATE_D,text,editable,,1,True,False,,高い(画面配置あり)
JDATE_D_2,number,editable,,1,True,False,,高い(画面配置あり)
JDATE_M,text,editable,,1,True,False,,高い(画面配置あり)
JDATE_M_2,number,editable,,1,True,False,,高い(画面配置あり)
JDATE_Y,text,editable,,1,True,False,,高い(画面配置あり)
JDATE_Y_2,number,editable,,1,True,False,,高い(画面配置あり)
JIKAN,number,editable,,1,True,False,,高い(画面配置あり)
JIKAN2,number,editable,,1,True,False,,高い(画面配置あり)
JIKAN_2_1,number,editable,,1,True,False,,高い(画面配置あり)
JIKAN_2_2,number,editable,,1,True,False,,高い(画面配置あり)
JIKAN_3,number,editable,,1,True,False,,高い(画面配置あり)
JIKAN_4,number,editable,,1,True,False,,高い(画面配置あり)
JIKAN_5,number,editable,,1,True,False,,高い(画面配置あり)
JTIME_H,text,editable,,1,True,False,,高い(画面配置あり)
JTIME_M,text,editable,,1,True,False,,高い(画面配置あり)
KAISHA,text,editable,,1,True,False,,高い(画面配置あり)
kana,text,editable,,1,True,False,,高い(画面配置あり)
KANJIKAN1,text,editable,,1,True,False,,高い(画面配置あり)
KANJIKAN2,text,editable,,1,True,False,,高い(画面配置あり)
KANJIKAN3,text,editable,,1,True,False,,高い(画面配置あり)
KANKEI1,text,editable,,1,True,False,,高い(画面配置あり)
KANKEI2,text,editable,,1,True,False,,高い(画面配置あり)
KANKEI3,text,editable,,1,True,False,,高い(画面配置あり)
KDATE_D_2,number,editable,,1,True,False,,高い(画面配置あり)
KDATE_M_2,number,editable,,1,True,False,,高い(画面配置あり)
KDATE_Y_2,number,editable,,1,True,False,,高い(画面配置あり)
KnowDBName,text,computedfordisplay,,1,True,False,,高い(画面配置あり)
KnowDBName_1,text,computedfordisplay,,1,True,False,,高い(画面配置あり)
KOSHO,keyword,editable,true,1,True,False,,高い(画面配置あり)
KOUSINBI,text,editable,,1,True,False,,高い(画面配置あり)
KYOUIKU,keyword,editable,true,1,True,False,,高い(画面配置あり)
lasthistory,text,editable,true,1,True,False,,高い(画面配置あり)
LEVEL,keyword,editable,,1,True,False,,高い(画面配置あり)
LEVEL2,keyword,editable,,1,True,False,,高い(画面配置あり)
ListDBName,text,computedfordisplay,,1,True,False,,高い(画面配置あり)
MailAddress,text,editable,,1,True,False,,高い(画面配置あり)
mailbody,text,computedfordisplay,true,1,True,False,,高い(画面配置あり)
mailitem,text,computed,true,1,True,False,,高い(画面配置あり)
MEKER_K,text,editable,,1,True,False,,高い(画面配置あり)
Memo,text,editable,,1,True,False,,高い(画面配置あり)
mng_no,text,editable,true,1,True,False,,高い(画面配置あり)
mobile_tel_no,text,editable,,1,True,False,,高い(画面配置あり)
name,text,editable,,1,True,False,,高い(画面配置あり)
O365License,keyword,editable,,1,True,False,,高い(画面配置あり)
O365SYURUI,keyword,editable,true,1,True,False,,高い(画面配置あり)
Open_time,datetime,computedfordisplay,,1,True,False,,高い(画面配置あり)
OpenClose_time,number,computedfordisplay,,1,True,False,,高い(画面配置あり)
outline,text,editable,,1,True,False,,高い(画面配置あり)
OutlookApri,keyword,editable,,1,True,False,,高い(画面配置あり)
pass,text,editable,,1,True,False,,高い(画面配置あり)
pass_1,text,editable,,1,True,False,,高い(画面配置あり)
pass_2,text,editable,,1,True,False,,高い(画面配置あり)
Pass_time,number,computed,,1,True,False,,高い(画面配置あり)
pc_name,text,editable,,1,True,False,,高い(画面配置あり)
PCADDRESS,text,editable,,1,True,False,,高い(画面配置あり)
PCDH,number,editable,,1,True,False,,高い(画面配置あり)
PCDY,number,editable,,1,True,False,,高い(画面配置あり)
PCFAX,text,editable,,1,True,False,,高い(画面配置あり)
PCHONTAI,keyword,editable,,1,True,False,,高い(画面配置あり)
PCJIGYOU,text,editable,,1,True,False,,高い(画面配置あり)
PCKAISHA,text,editable,,1,True,False,,高い(画面配置あり)
PCMH,number,editable,,1,True,False,,高い(画面配置あり)
PCMY,number,editable,,1,True,False,,高い(画面配置あり)
PCNAME,text,editable,,1,True,False,,高い(画面配置あり)
PCSN,text,editable,,1,True,False,,高い(画面配置あり)
PCSOFT1,text,editable,true,1,True,False,,高い(画面配置あり)
PCTEL,text,editable,,1,True,False,,高い(画面配置あり)
PCUMU,keyword,editable,,1,True,False,,高い(画面配置あり)
PCUSHO,keyword,editable,,1,True,False,,高い(画面配置あり)
PCYH,number,editable,,1,True,False,,高い(画面配置あり)
PCYY,number,editable,,1,True,False,,高い(画面配置あり)
plathome,keyword,editable,,1,True,False,,高い(画面配置あり)
Processing_number,text,editable,,1,True,False,,高い(画面配置あり)
refresh_time,datetime,computed,,1,True,False,,高い(画面配置あり)
S_Category1,text,editable,,1,True,False,,高い(画面配置あり)
S_Category2,text,editable,,1,True,False,,高い(画面配置あり)
S_Category3,text,editable,,1,True,False,,高い(画面配置あり)
S_Outline,text,editable,,1,True,False,,高い(画面配置あり)
SAGYO,keyword,editable,true,1,True,False,,高い(画面配置あり)
saitan,text,editable,,1,True,False,,高い(画面配置あり)
saveswich,text,editable,,1,True,False,,高い(画面配置あり)
SCC_1,text,editable,,1,True,False,,高い(画面配置あり)
SDATE_D,number,editable,,1,True,False,,高い(画面配置あり)
SDATE_D_2,number,editable,,1,True,False,,高い(画面配置あり)
SDATE_M,number,editable,,1,True,False,,高い(画面配置あり)
SDATE_M_2,number,editable,,1,True,False,,高い(画面配置あり)
SDATE_Y,number,editable,,1,True,False,,高い(画面配置あり)
SDATE_Y_2,number,editable,,1,True,False,,高い(画面配置あり)
SEC1,text,editable,,1,True,False,,高い(画面配置あり)
SEC2,text,editable,,1,True,False,,高い(画面配置あり)
SEC3,text,editable,,1,True,False,,高い(画面配置あり)
Second_category1,keyword,editable,,1,True,False,,高い(画面配置あり)
Second_category2,text,computed,,1,True,False,,高い(画面配置あり)
Second_category3,text,computed,,1,True,False,,高い(画面配置あり)
Second_category4,text,computed,,1,True,False,,高い(画面配置あり)
SecondLineName,text,editable,,1,True,False,,高い(画面配置あり)
SecondLinew,text,computed,,1,True,False,,高い(画面配置あり)
SEIHIN,text,editable,,1,True,False,,高い(画面配置あり)
SSendTo_1,text,editable,,1,True,False,,高い(画面配置あり)
status,keyword,editable,,1,True,False,,高い(画面配置あり)
status_open,text,editable,,1,True,False,,高い(画面配置あり)
statusTYPE,keyword,editable,true,1,True,False,,高い(画面配置あり)
STIME_H,text,editable,,1,True,False,,高い(画面配置あり)
STIME_H_2,text,editable,,1,True,False,,高い(画面配置あり)
STIME_M,text,editable,,1,True,False,,高い(画面配置あり)
STIME_M_2,text,editable,,1,True,False,,高い(画面配置あり)
SW,text,editable,,1,True,False,,高い(画面配置あり)
TAIOU,keyword,editable,true,1,True,False,,高い(画面配置あり)
taisyo,text,editable,,1,True,False,,高い(画面配置あり)
TDATE_D,number,editable,,1,True,False,,高い(画面配置あり)
TDATE_M,number,editable,,1,True,False,,高い(画面配置あり)
TDATE_Y,number,editable,,1,True,False,,高い(画面配置あり)
tel,text,editable,,1,True,False,,高い(画面配置あり)
Third_answer,text,editable,,1,True,False,,高い(画面配置あり)
Third_comment,text,editable,,1,True,False,,高い(画面配置あり)
Third_Contact,text,editable,,1,True,False,,高い(画面配置あり)
Third_Dept,text,editable,,1,True,False,,高い(画面配置あり)
Third_half,text,editable,,1,True,False,,高い(画面配置あり)
Third_Person,text,editable,,1,True,False,,高い(画面配置あり)
Third_Type,text,editable,,1,True,False,,高い(画面配置あり)
Title,text,computedwhencomposed,,1,True,False,,高い(画面配置あり)
TOOL,keyword,editable,true,1,True,False,,高い(画面配置あり)
TRBIKOU,text,editable,,1,True,False,,高い(画面配置あり)
TRFAX,text,editable,,1,True,False,,高い(画面配置あり)
TRJIKI,text,editable,,1,True,False,,高い(画面配置あり)
TRKBUSYO,text,editable,,1,True,False,,高い(画面配置あり)
TRKISYU,text,editable,,1,True,False,,高い(画面配置あり)
TRMAKER,text,editable,,1,True,False,,高い(画面配置あり)
TRNO,text,editable,,1,True,False,,高い(画面配置あり)
TROS,text,editable,,1,True,False,,高い(画面配置あり)
Trouble_2,keyword,editable,true,1,True,False,,高い(画面配置あり)
Trouble_Approve_2,text,editable,,1,True,False,,高い(画面配置あり)
TRSN,text,editable,,1,True,False,,高い(画面配置あり)
TRSTATUS,keyword,editable,,1,True,False,,高い(画面配置あり)
TRTANTO,text,editable,,1,True,False,,高い(画面配置あり)
TRTEL,text,editable,,1,True,False,,高い(画面配置あり)
TRUMU,keyword,editable,,1,True,False,,高い(画面配置あり)
TRWORK,text,computed,,1,True,False,,高い(画面配置あり)
TRYADDRESS,text,editable,,1,True,False,,高い(画面配置あり)
TRYBIKOU,text,editable,,1,True,False,,高い(画面配置あり)
TRYJIGYOU,text,editable,,1,True,False,,高い(画面配置あり)
TRYKAISHA,text,editable,,1,True,False,,高い(画面配置あり)
TRYNAIYO,text,editable,,1,True,False,,高い(画面配置あり)
TRYNAME,text,editable,,1,True,False,,高い(画面配置あり)
TRYTEL,text,editable,,1,True,False,,高い(画面配置あり)
TTIME_H,text,editable,,1,True,False,,高い(画面配置あり)
TTIME_M,text,editable,,1,True,False,,高い(画面配置あり)
urgent,keyword,editable,,1,True,False,,高い(画面配置あり)
Version,text,editable,,1,True,False,,高い(画面配置あり)
事業所マスタID,text,computedwhencomposed,,1,True,False,,高い(画面配置あり)
保守ID,text,computedwhencomposed,,1,True,False,,高い(画面配置あり)
